ticker,direction,signal_strength,daily_trend_score,h4_trend_score,h4_momentum_score,h1_confirmation_score,rsi_score,adx_score,candle_score,sentiment_score,final_long_score,final_short_score,reason,timestamp_utc
A50,neutral,54.44,80.0,60.8,61.6,70.0,100.0,30.0,50.0,7.0,54.44,25.34,"Neutral: no score crossed threshold, daily uptrend, 4H uptrend, negative 4H momentum, RSI acceptable, sentiment neutral",2026-06-10T11:18:28.197335+00:00
AAPL,neutral,53.58,85.6,69.72,93.26,100.0,100.0,85.0,100.0,-10.0,53.58,39.82,"Neutral: no score crossed threshold, daily uptrend, 4H uptrend, negative 4H momentum, ADX trend confirmed, RSI acceptable, sentiment neutral",2026-06-10T11:18:30.617936+00:00
AAVEUSD,sell,88.84,100.0,100.0,46.9,100.0,100.0,85.0,100.0,7.0,0.0,88.84,"Sell: consensus favors short, daily downtrend, 4H downtrend, negative 4H momentum, ADX trend confirmed, RSI acceptable, sentiment neutral",2026-06-10T11:18:32.867543+00:00
ACTUSD,sell,58.71,80.0,55.37,55.0,70.0,100.0,85.0,50.0,4.0,26.03,58.71,"Sell: consensus favors short, daily downtrend, 4H uptrend, negative 4H momentum, ADX trend confirmed, RSI acceptable, sentiment neutral",2026-06-10T11:18:35.682634+00:00
ADAUSD,sell,86.36,100.0,100.0,43.68,100.0,100.0,85.0,50.0,7.0,0.0,86.36,"Sell: consensus favors short, daily downtrend, 4H downtrend, ADX trend confirmed, RSI acceptable, sentiment neutral",2026-06-10T11:18:38.370055+00:00
AEX,neutral,50.62,89.62,87.85,41.68,60.0,100.0,0.0,100.0,0.0,50.62,0.0,"Neutral: no score crossed threshold, daily uptrend, 4H uptrend, positive 4H momentum, ADX too low, RSI acceptable, sentiment neutral",2026-06-10T11:18:41.242013+00:00
AG,sell,73.9,65.0,100.0,80.0,70.0,25.0,85.0,100.0,40.0,7.25,73.9,"Sell: consensus favors short, daily downtrend, 4H downtrend, negative 4H momentum, ADX trend confirmed, RSI acceptable, sentiment positive",2026-06-10T11:18:43.593756+00:00
AI,neutral,46.65,80.0,100.0,52.24,100.0,100.0,60.0,100.0,0.0,46.65,28.79,"Neutral: no score crossed threshold, daily downtrend, 4H uptrend, RSI acceptable, sentiment neutral",2026-06-10T11:18:46.290015+00:00
ALCOA,buy,79.66,100.0,100.0,64.1,70.0,100.0,100.0,100.0,33.0,79.66,3.7,"Buy: consensus favors long, daily uptrend, 4H uptrend, negative 4H momentum, ADX trend confirmed, RSI acceptable, sentiment positive",2026-06-10T11:18:48.706232+00:00
ALGOUSD,sell,89.16,100.0,100.0,55.62,100.0,100.0,100.0,50.0,9.0,0.0,89.16,"Sell: consensus favors short, daily downtrend, 4H downtrend, negative 4H momentum, ADX trend confirmed, RSI acceptable, sentiment neutral",2026-06-10T11:18:51.383155+00:00
AMC,neutral,52.16,80.0,100.0,55.0,100.0,100.0,85.0,50.0,23.0,52.16,28.49,"Neutral: no score crossed threshold, daily downtrend, 4H uptrend, ADX trend confirmed, RSI acceptable, sentiment positive",2026-06-10T11:18:54.083356+00:00
AMZN,neutral,46.48,80.0,62.36,80.0,70.0,60.0,100.0,50.0,7.0,46.48,41.45,"Neutral: long and short scores too close, daily uptrend, 4H downtrend, negative 4H momentum, ADX trend confirmed, RSI acceptable, sentiment neutral",2026-06-10T11:18:56.477818+00:00
ARBUSD,neutral,40.03,80.0,85.0,35.0,70.0,0.0,70.0,50.0,6.0,0.0,40.03,"Neutral: no score crossed threshold, daily downtrend, 4H downtrend, positive 4H momentum, ADX trend confirmed, RSI overextended low, sentiment neutral",2026-06-10T11:18:58.572119+00:00
ARDRUSD,neutral,52.92,100.0,100.0,55.0,60.0,100.0,0.0,50.0,9.0,0.0,52.92,"Neutral: no score crossed threshold, daily downtrend, 4H downtrend, positive 4H momentum, ADX too low, RSI acceptable, sentiment neutral",2026-06-10T11:19:01.037932+00:00
ARK,sell,77.99,100.0,100.0,55.0,60.0,100.0,100.0,50.0,23.0,1.46,77.99,"Sell: consensus favors short, daily downtrend, 4H downtrend, positive 4H momentum, ADX trend confirmed, RSI acceptable, sentiment positive",2026-06-10T11:19:03.610645+00:00
ARKUSD,sell,78.31,100.0,100.0,55.0,60.0,100.0,100.0,50.0,7.0,1.14,78.31,"Sell: consensus favors short, daily downtrend, 4H downtrend, positive 4H momentum, ADX trend confirmed, RSI acceptable, sentiment neutral",2026-06-10T11:19:06.562564+00:00
AT,neutral,0.0,0.0,0.0,0.0,0.0,0.0,0.0,0.0,0.0,0.0,0.0,"ERROR: No fallback market data provider succeeded. yfinance: No yfinance market data returned for AT. Tried: AT: empty response | binance: No Binance market data returned for AT. Tried: no crypto aliases | stooq: No Stooq market data returned for AT. Tried: at.us: empty response, at: empty response",2026-06-10T11:19:09.116769+00:00
ATOMUSD,sell,60.07,100.0,67.33,59.33,100.0,100.0,60.0,50.0,0.0,30.18,60.07,"Sell: consensus favors short, daily downtrend, 4H downtrend, positive 4H momentum, RSI acceptable, sentiment neutral",2026-06-10T11:19:10.798272+00:00
ATVI,neutral,0.0,0.0,0.0,0.0,0.0,0.0,0.0,0.0,0.0,0.0,0.0,"ERROR: No fallback market data provider succeeded. yfinance: No yfinance market data returned for ATVI. Tried: ATVI: empty response | binance: No Binance market data returned for ATVI. Tried: no crypto aliases | stooq: No Stooq market data returned for ATVI. Tried: atvi.us: empty response, atvi: empty response",2026-06-10T11:19:13.287654+00:00
AUDCAD,neutral,40.17,80.0,86.61,62.97,100.0,25.0,100.0,50.0,10.0,11.6,40.17,"Neutral: no score crossed threshold, daily uptrend, 4H downtrend, negative 4H momentum, ADX trend confirmed, RSI acceptable, sentiment neutral",2026-06-10T11:19:15.066895+00:00
AUDCHF,neutral,44.04,80.0,85.5,58.46,100.0,100.0,60.0,50.0,-12.0,15.08,44.04,"Neutral: no score crossed threshold, daily uptrend, 4H downtrend, negative 4H momentum, RSI acceptable, sentiment neutral",2026-06-10T11:19:17.694868+00:00
AUDJPY,neutral,44.6,80.0,87.05,61.11,100.0,60.0,85.0,100.0,0.0,8.46,44.6,"Neutral: no score crossed threshold, daily uptrend, 4H downtrend, negative 4H momentum, ADX trend confirmed, RSI acceptable, sentiment neutral",2026-06-10T11:19:20.146277+00:00
AUDNZD,neutral,36.83,80.0,85.54,39.68,70.0,60.0,100.0,50.0,-5.0,17.03,36.83,"Neutral: no score crossed threshold, daily uptrend, 4H downtrend, negative 4H momentum, ADX trend confirmed, RSI acceptable, sentiment neutral",2026-06-10T11:19:22.593799+00:00
AUDUSD,neutral,44.81,80.0,87.92,63.1,100.0,60.0,100.0,50.0,10.0,11.93,44.81,"Neutral: no score crossed threshold, daily uptrend, 4H downtrend, negative 4H momentum, ADX trend confirmed, RSI acceptable, sentiment neutral",2026-06-10T11:19:24.997375+00:00
AVAXUSD,sell,81.89,100.0,100.0,53.89,100.0,60.0,85.0,100.0,7.0,0.0,81.89,"Sell: consensus favors short, daily downtrend, 4H downtrend, negative 4H momentum, ADX trend confirmed, RSI acceptable, sentiment neutral",2026-06-10T11:19:27.498390+00:00
AXSUSD,sell,84.91,100.0,100.0,52.7,100.0,60.0,100.0,50.0,0.0,0.0,84.91,"Sell: consensus favors short, daily downtrend, 4H downtrend, negative 4H momentum, ADX trend confirmed, RSI acceptable, sentiment neutral",2026-06-10T11:19:29.967027+00:00
BABA,sell,85.6,100.0,100.0,78.7,70.0,60.0,100.0,50.0,10.0,0.0,85.6,"Sell: consensus favors short, daily downtrend, 4H downtrend, negative 4H momentum, ADX trend confirmed, RSI acceptable, sentiment neutral",2026-06-10T11:19:32.579109+00:00
BASF,sell,74.36,65.0,95.41,93.46,70.0,25.0,100.0,50.0,13.0,5.61,74.36,"Sell: consensus favors short, daily downtrend, 4H downtrend, negative 4H momentum, ADX trend confirmed, RSI acceptable, sentiment neutral",2026-06-10T11:19:34.844048+00:00
BAYER,sell,71.04,59.8,95.98,35.0,100.0,100.0,30.0,100.0,-3.0,7.79,71.04,"Sell: consensus favors short, daily downtrend, 4H downtrend, RSI acceptable, sentiment neutral",2026-06-10T11:19:37.011292+00:00
BCHBTC,sell,89.07,100.0,100.0,100.0,100.0,25.0,85.0,100.0,19.0,0.0,89.07,"Sell: consensus favors short, daily downtrend, 4H downtrend, negative 4H momentum, ADX trend confirmed, RSI acceptable, sentiment neutral",2026-06-10T11:19:39.341026+00:00
BCHUSD,sell,90.81,100.0,100.0,100.0,100.0,60.0,85.0,50.0,7.0,0.0,90.81,"Sell: consensus favors short, daily downtrend, 4H downtrend, negative 4H momentum, ADX trend confirmed, RSI acceptable, sentiment neutral",2026-06-10T11:19:41.873061+00:00
BCNUSD,buy,66.78,80.0,89.61,60.28,70.0,100.0,60.0,50.0,9.0,66.78,0.25,"Buy: consensus favors long, daily uptrend, 4H uptrend, negative 4H momentum, RSI acceptable, sentiment neutral",2026-06-10T11:19:44.473231+00:00
BNBUSD,sell,89.25,100.0,96.56,75.0,100.0,100.0,100.0,100.0,7.0,0.0,89.25,"Sell: consensus favors short, daily downtrend, 4H downtrend, negative 4H momentum, ADX trend confirmed, RSI acceptable, sentiment neutral",2026-06-10T11:19:47.020823+00:00
BNP,neutral,27.59,81.49,64.64,64.45,100.0,100.0,0.0,50.0,3.0,27.59,6.02,"Neutral: no score crossed threshold, daily uptrend, 4H uptrend, negative 4H momentum, ADX too low, RSI acceptable, sentiment neutral",2026-06-10T11:19:49.537227+00:00
BOLSA,neutral,49.15,50.32,87.56,72.94,100.0,100.0,0.0,50.0,13.0,0.0,49.15,"Neutral: no score crossed threshold, daily downtrend, 4H downtrend, negative 4H momentum, ADX too low, RSI acceptable, sentiment neutral",2026-06-10T11:19:51.850949+00:00
BOME,sell,87.12,100.0,100.0,42.16,100.0,100.0,100.0,50.0,10.0,0.0,87.12,"Sell: consensus favors short, daily downtrend, 4H downtrend, ADX trend confirmed, RSI acceptable, sentiment neutral",2026-06-10T11:19:54.050206+00:00
BOMEUSD,sell,87.14,100.0,100.0,42.16,100.0,100.0,100.0,50.0,9.0,0.0,87.14,"Sell: consensus favors short, daily downtrend, 4H downtrend, ADX trend confirmed, RSI acceptable, sentiment neutral",2026-06-10T11:19:56.790879+00:00
BONK,sell,87.5,100.0,100.0,45.09,100.0,100.0,100.0,50.0,13.0,0.0,87.5,"Sell: consensus favors short, daily downtrend, 4H downtrend, negative 4H momentum, ADX trend confirmed, RSI acceptable, sentiment neutral",2026-06-10T11:19:59.218390+00:00
BONKUSD,sell,87.7,100.0,100.0,45.09,100.0,100.0,100.0,50.0,3.0,0.0,87.7,"Sell: consensus favors short, daily downtrend, 4H downtrend, negative 4H momentum, ADX trend confirmed, RSI acceptable, sentiment neutral",2026-06-10T11:20:01.927139+00:00
BRETTUSD,neutral,0.0,0.0,0.0,0.0,0.0,0.0,0.0,0.0,0.0,0.0,0.0,"ERROR: No fallback market data provider succeeded. yfinance: No yfinance market data returned for BRETTUSD. Tried: BRETT-USD: empty response, BRETTUSD: empty response | binance: No Binance market data returned for BRETTUSD. Tried: BRETTUSDT: empty response | stooq: No Stooq market data returned for BRETTUSD. Tried: brettusd: empty response",2026-06-10T11:20:04.410192+00:00
BRN,neutral,42.84,80.0,93.36,50.28,60.0,100.0,60.0,50.0,12.0,29.53,42.84,"Neutral: no score crossed threshold, daily uptrend, 4H downtrend, negative 4H momentum, RSI acceptable, sentiment neutral",2026-06-10T11:20:06.079622+00:00
BSVUSD,sell,85.02,100.0,100.0,91.39,70.0,25.0,85.0,100.0,7.0,0.0,85.02,"Sell: consensus favors short, daily downtrend, 4H downtrend, negative 4H momentum, ADX trend confirmed, RSI acceptable, sentiment neutral",2026-06-10T11:20:08.552026+00:00
BTAUSD,neutral,0.0,0.0,0.0,0.0,0.0,0.0,0.0,0.0,0.0,0.0,0.0,ERROR: No fallback market data provider succeeded. yfinance: No yfinance market data returned for BTAUSD. Tried: BTAUSD: empty response | binance: No Binance market data returned for BTAUSD. Tried: no crypto aliases | stooq: No Stooq market data returned for BTAUSD. Tried: btausd: empty response,2026-06-10T11:20:10.997557+00:00
BTC,sell,87.75,100.0,100.0,77.0,70.0,100.0,100.0,100.0,-10.0,0.0,87.75,"Sell: consensus favors short, daily downtrend, 4H downtrend, negative 4H momentum, ADX trend confirmed, RSI acceptable, sentiment neutral",2026-06-10T11:20:11.789469+00:00
BTCEUR,sell,88.67,100.0,99.46,78.11,70.0,100.0,85.0,50.0,-7.0,0.0,88.67,"Sell: consensus favors short, daily downtrend, 4H downtrend, negative 4H momentum, ADX trend confirmed, RSI acceptable, sentiment neutral",2026-06-10T11:20:14.467371+00:00
BTCUSD,sell,87.75,100.0,100.0,77.0,70.0,100.0,100.0,100.0,-10.0,0.0,87.75,"Sell: consensus favors short, daily downtrend, 4H downtrend, negative 4H momentum, ADX trend confirmed, RSI acceptable, sentiment neutral",2026-06-10T11:20:16.944149+00:00
BTGETH,sell,86.45,95.78,70.0,100.0,100.0,100.0,60.0,100.0,10.0,9.65,86.45,"Sell: consensus favors short, daily downtrend, 4H downtrend, negative 4H momentum, RSI acceptable, sentiment neutral",2026-06-10T11:20:19.429946+00:00
BTGUSD,sell,94.66,100.0,87.12,100.0,100.0,100.0,100.0,100.0,6.0,0.0,94.66,"Sell: consensus favors short, daily downtrend, 4H downtrend, negative 4H momentum, ADX trend confirmed, RSI acceptable, sentiment neutral",2026-06-10T11:20:21.919905+00:00
BTMUSD,neutral,33.84,80.0,0.0,0.0,0.0,100.0,0.0,50.0,8.0,0.0,33.84,"Neutral: no score crossed threshold, daily downtrend, 4H mixed, RSI acceptable, sentiment neutral",2026-06-10T11:20:24.380777+00:00
BTSUSD,sell,78.5,89.04,86.92,36.42,100.0,100.0,100.0,50.0,9.0,0.0,78.5,"Sell: consensus favors short, daily downtrend, 4H downtrend, positive 4H momentum, ADX trend confirmed, RSI acceptable, sentiment neutral",2026-06-10T11:20:26.548942+00:00
CAC,neutral,19.73,83.34,56.59,64.1,100.0,100.0,0.0,50.0,0.0,19.73,12.76,"Neutral: long and short scores too close, daily uptrend, 4H downtrend, negative 4H momentum, ADX too low, RSI acceptable, sentiment neutral",2026-06-10T11:20:29.013386+00:00
CADCHF,neutral,39.96,80.0,86.09,59.46,100.0,60.0,60.0,50.0,0.0,39.96,8.47,"Neutral: no score crossed threshold, daily downtrend, 4H uptrend, positive 4H momentum, RSI acceptable, sentiment neutral",2026-06-10T11:20:31.282313+00:00
CADJPY,buy,66.03,80.2,60.44,56.82,100.0,100.0,100.0,50.0,5.0,66.03,18.01,"Buy: consensus favors long, daily uptrend, 4H downtrend, positive 4H momentum, ADX trend confirmed, RSI acceptable, sentiment neutral",2026-06-10T11:20:33.706813+00:00
CAKEUSD,sell,73.5,100.0,87.1,49.23,60.0,100.0,30.0,50.0,7.0,0.0,73.5,"Sell: consensus favors short, daily downtrend, 4H downtrend, positive 4H momentum, RSI acceptable, sentiment neutral",2026-06-10T11:20:36.115373+00:00
CHFJPY,neutral,30.12,80.0,86.53,55.56,60.0,100.0,60.0,50.0,10.0,30.12,29.46,"Neutral: long and short scores too close, daily uptrend, 4H downtrend, positive 4H momentum, RSI acceptable, sentiment neutral",2026-06-10T11:20:38.633727+00:00
CHFSGD,sell,60.22,47.09,86.43,38.94,60.0,60.0,100.0,50.0,0.0,9.11,60.22,"Sell: consensus favors short, daily downtrend, 4H downtrend, negative 4H momentum, ADX trend confirmed, RSI acceptable, sentiment neutral",2026-06-10T11:20:40.999422+00:00
CHZUSD,sell,81.88,100.0,100.0,75.42,60.0,100.0,100.0,100.0,6.0,3.18,81.88,"Sell: consensus favors short, daily downtrend, 4H downtrend, positive 4H momentum, ADX trend confirmed, RSI acceptable, sentiment neutral",2026-06-10T11:20:43.393139+00:00
CL,neutral,46.41,80.0,93.24,55.7,60.0,100.0,100.0,50.0,13.0,32.32,46.41,"Neutral: no score crossed threshold, daily uptrend, 4H downtrend, negative 4H momentum, ADX trend confirmed, RSI acceptable, sentiment neutral",2026-06-10T11:20:45.826733+00:00
CMPUSD,neutral,0.0,0.0,0.0,0.0,0.0,0.0,0.0,0.0,0.0,0.0,0.0,"ERROR: No fallback market data provider succeeded. yfinance: No yfinance market data returned for CMPUSD. Tried: CMP-USD: empty response, CMPUSD: empty response | binance: No Binance market data returned for CMPUSD. Tried: CMPUSDT: empty response | stooq: No Stooq market data returned for CMPUSD. Tried: cmpusd: empty response",2026-06-10T11:20:48.368376+00:00
COCOA,neutral,54.95,100.0,88.76,38.69,100.0,100.0,0.0,100.0,2.0,0.0,54.95,"Neutral: no score crossed threshold, daily downtrend, 4H downtrend, negative 4H momentum, ADX too low, RSI acceptable, sentiment neutral",2026-06-10T11:20:49.873464+00:00
COFFEE,sell,85.67,100.0,100.0,62.13,70.0,100.0,85.0,50.0,30.0,0.0,85.67,"Sell: consensus favors short, daily downtrend, 4H downtrend, negative 4H momentum, ADX trend confirmed, RSI acceptable, sentiment positive",2026-06-10T11:20:52.138548+00:00
COIN,sell,91.54,100.0,100.0,80.0,70.0,100.0,100.0,100.0,23.0,0.0,91.54,"Sell: consensus favors short, daily downtrend, 4H downtrend, negative 4H momentum, ADX trend confirmed, RSI acceptable, sentiment positive",2026-06-10T11:20:54.522172+00:00
CORN,sell,62.33,63.62,97.26,66.16,100.0,100.0,85.0,100.0,14.0,29.97,62.33,"Sell: consensus favors short, daily downtrend, 4H downtrend, positive 4H momentum, ADX trend confirmed, RSI acceptable, sentiment neutral",2026-06-10T11:20:56.708325+00:00
DASHUSD,sell,87.8,100.0,94.36,75.0,100.0,100.0,60.0,50.0,12.0,0.0,87.8,"Sell: consensus favors short, daily downtrend, 4H downtrend, negative 4H momentum, RSI acceptable, sentiment neutral",2026-06-10T11:20:59.200695+00:00
DAX,neutral,48.1,81.02,86.07,83.36,100.0,60.0,100.0,100.0,-4.0,9.44,48.1,"Neutral: no score crossed threshold, daily uptrend, 4H downtrend, negative 4H momentum, ADX trend confirmed, RSI acceptable, sentiment neutral",2026-06-10T11:21:01.633773+00:00
DGBUSD,sell,84.83,100.0,100.0,80.0,70.0,60.0,85.0,50.0,6.0,0.0,84.83,"Sell: consensus favors short, daily downtrend, 4H downtrend, negative 4H momentum, ADX trend confirmed, RSI acceptable, sentiment neutral",2026-06-10T11:21:03.957592+00:00
DOGE,sell,92.58,100.0,100.0,75.9,100.0,100.0,100.0,50.0,-10.0,0.0,92.58,"Sell: consensus favors short, daily downtrend, 4H downtrend, negative 4H momentum, ADX trend confirmed, RSI acceptable, sentiment neutral",2026-06-10T11:21:06.445414+00:00
DOGEUSD,sell,92.18,100.0,100.0,75.9,100.0,100.0,100.0,50.0,10.0,0.0,92.18,"Sell: consensus favors short, daily downtrend, 4H downtrend, negative 4H momentum, ADX trend confirmed, RSI acceptable, sentiment neutral",2026-06-10T11:21:09.208022+00:00
DOTUSD,sell,85.19,100.0,100.0,48.81,100.0,100.0,85.0,100.0,4.0,0.0,85.19,"Sell: consensus favors short, daily downtrend, 4H downtrend, negative 4H momentum, ADX trend confirmed, RSI acceptable, sentiment neutral",2026-06-10T11:21:11.776577+00:00
DRGNUSD,sell,78.56,100.0,100.0,55.0,70.0,100.0,100.0,50.0,9.0,0.0,78.56,"Sell: consensus favors short, daily downtrend, 4H downtrend, positive 4H momentum, ADX trend confirmed, RSI acceptable, sentiment neutral",2026-06-10T11:21:14.279511+00:00
DSHBTC,neutral,0.0,0.0,0.0,0.0,0.0,0.0,0.0,0.0,0.0,0.0,0.0,"ERROR: No fallback market data provider succeeded. yfinance: No yfinance market data returned for DSHBTC. Tried: DSH-BTC: empty response, DSHBTC: empty response | binance: No Binance market data returned for DSHBTC. Tried: DSHBTC: empty response | stooq: No Stooq market data returned for DSHBTC. Tried: dshbtc: empty response",2026-06-10T11:21:16.730380+00:00
DSHETH,neutral,0.0,0.0,0.0,0.0,0.0,0.0,0.0,0.0,0.0,0.0,0.0,"ERROR: No fallback market data provider succeeded. yfinance: No yfinance market data returned for DSHETH. Tried: DSH-ETH: empty response, DSHETH: empty response | binance: No Binance market data returned for DSHETH. Tried: DSHETH: empty response | stooq: No Stooq market data returned for DSHETH. Tried: dsheth: empty response",2026-06-10T11:21:18.320267+00:00
EGLDUSD,sell,88.47,100.0,100.0,50.63,100.0,100.0,100.0,50.0,6.0,0.0,88.47,"Sell: consensus favors short, daily downtrend, 4H downtrend, negative 4H momentum, ADX trend confirmed, RSI acceptable, sentiment neutral",2026-06-10T11:21:19.839254+00:00
ENEL,neutral,32.37,80.0,85.61,36.38,60.0,100.0,30.0,50.0,7.0,25.85,32.37,"Neutral: long and short scores too close, daily uptrend, 4H downtrend, positive 4H momentum, RSI acceptable, sentiment neutral",2026-06-10T11:21:22.236488+00:00
ENI,buy,60.22,80.0,86.21,56.61,60.0,100.0,30.0,100.0,10.0,60.22,0.0,"Buy: consensus favors long, daily uptrend, 4H uptrend, negative 4H momentum, RSI acceptable, sentiment neutral",2026-06-10T11:21:24.377916+00:00
ENJUSD,sell,89.78,100.0,100.0,94.06,100.0,60.0,85.0,50.0,14.0,0.0,89.78,"Sell: consensus favors short, daily downtrend, 4H downtrend, negative 4H momentum, ADX trend confirmed, RSI acceptable, sentiment neutral",2026-06-10T11:21:26.766436+00:00
EOS,sell,90.56,100.0,100.0,91.42,70.0,100.0,85.0,50.0,5.0,0.0,90.56,"Sell: consensus favors short, daily downtrend, 4H downtrend, negative 4H momentum, ADX trend confirmed, RSI acceptable, sentiment neutral",2026-06-10T11:21:29.219097+00:00
EOSETH,sell,84.02,86.99,92.36,75.85,70.0,100.0,100.0,50.0,10.0,0.0,84.02,"Sell: consensus favors short, daily downtrend, 4H downtrend, negative 4H momentum, ADX trend confirmed, RSI acceptable, sentiment neutral",2026-06-10T11:21:31.938350+00:00
EOSUSD,sell,90.56,100.0,100.0,91.42,70.0,100.0,85.0,50.0,5.0,0.0,90.56,"Sell: consensus favors short, daily downtrend, 4H downtrend, negative 4H momentum, ADX trend confirmed, RSI acceptable, sentiment neutral",2026-06-10T11:21:34.532846+00:00
ES,neutral,46.19,80.0,88.84,70.7,100.0,60.0,85.0,100.0,13.0,9.17,46.19,"Neutral: no score crossed threshold, daily uptrend, 4H downtrend, negative 4H momentum, ADX trend confirmed, RSI acceptable, sentiment neutral",2026-06-10T11:21:37.066209+00:00
ETCETH,buy,67.72,47.55,87.62,57.52,70.0,100.0,30.0,100.0,10.0,67.72,7.19,"Buy: consensus favors long, daily uptrend, 4H uptrend, positive 4H momentum, RSI acceptable, sentiment neutral",2026-06-10T11:21:39.823808+00:00
ETCUSD,sell,85.59,100.0,100.0,38.39,100.0,100.0,85.0,50.0,6.0,0.0,85.59,"Sell: consensus favors short, daily downtrend, 4H downtrend, ADX trend confirmed, RSI acceptable, sentiment neutral",2026-06-10T11:21:42.300102+00:00
ETHBTC,neutral,47.1,87.14,89.0,42.83,60.0,100.0,0.0,50.0,7.0,0.0,47.1,"Neutral: no score crossed threshold, daily downtrend, 4H downtrend, positive 4H momentum, ADX too low, RSI acceptable, sentiment neutral",2026-06-10T11:21:45.106888+00:00
ETHUSD,sell,88.83,100.0,100.0,40.15,100.0,100.0,100.0,100.0,0.0,0.0,88.83,"Sell: consensus favors short, daily downtrend, 4H downtrend, ADX trend confirmed, RSI acceptable, sentiment neutral",2026-06-10T11:21:48.345637+00:00
ETNUSD,sell,81.92,100.0,91.18,81.35,100.0,60.0,30.0,50.0,9.0,0.0,81.92,"Sell: consensus favors short, daily downtrend, 4H downtrend, negative 4H momentum, RSI acceptable, sentiment neutral",2026-06-10T11:21:51.102255+00:00
ETP,neutral,0.0,0.0,0.0,0.0,0.0,0.0,0.0,0.0,0.0,0.0,0.0,"ERROR: insufficient data for 4H: 161 candles available, 220 required",2026-06-10T11:21:53.527667+00:00
EUR,neutral,0.0,0.0,0.0,0.0,0.0,0.0,0.0,0.0,0.0,0.0,0.0,ERROR: No fallback market data provider succeeded. yfinance: No yfinance market data returned for EUR. Tried: EUR: empty response | binance: No Binance market data returned for EUR. Tried: no crypto aliases | stooq: No Stooq market data returned for EUR. Tried: eur: empty response,2026-06-10T11:21:53.981418+00:00
EURAUD,neutral,38.94,80.0,86.69,61.44,100.0,25.0,85.0,50.0,-10.0,38.94,10.57,"Neutral: no score crossed threshold, daily downtrend, 4H uptrend, positive 4H momentum, ADX trend confirmed, RSI acceptable, sentiment neutral",2026-06-10T11:21:54.583384+00:00
EURCAD,neutral,36.48,80.0,60.11,35.0,100.0,100.0,0.0,100.0,10.0,36.48,0.0,"Neutral: no score crossed threshold, daily uptrend, 4H uptrend, positive 4H momentum, ADX too low, RSI acceptable, sentiment neutral",2026-06-10T11:21:56.962175+00:00
EURCHF,neutral,35.6,80.0,86.19,37.84,70.0,60.0,85.0,50.0,5.0,35.6,16.15,"Neutral: no score crossed threshold, daily downtrend, 4H uptrend, positive 4H momentum, ADX trend confirmed, RSI acceptable, sentiment neutral",2026-06-10T11:21:59.457072+00:00
EURCNH,neutral,0.0,0.0,0.0,0.0,0.0,0.0,0.0,0.0,0.0,0.0,0.0,"ERROR: insufficient data for 1D: 1 candles available, 260 required",2026-06-10T11:22:02.118231+00:00
EURGBP,sell,80.16,81.02,85.38,57.08,70.0,100.0,100.0,100.0,0.0,0.0,80.16,"Sell: consensus favors short, daily downtrend, 4H downtrend, negative 4H momentum, ADX trend confirmed, RSI acceptable, sentiment neutral",2026-06-10T11:22:02.713603+00:00
EURJPY,buy,70.88,80.29,55.33,56.51,100.0,100.0,60.0,50.0,15.0,70.88,10.67,"Buy: consensus favors long, daily uptrend, 4H uptrend, positive 4H momentum, RSI acceptable, sentiment neutral",2026-06-10T11:22:05.166471+00:00
EURMXN,neutral,29.21,80.72,60.12,56.06,100.0,100.0,0.0,50.0,0.0,3.69,29.21,"Neutral: no score crossed threshold, daily downtrend, 4H downtrend, positive 4H momentum, ADX too low, RSI acceptable, sentiment neutral",2026-06-10T11:22:07.625893+00:00
EURNOK,neutral,40.42,80.0,87.4,39.01,60.0,100.0,100.0,100.0,-5.0,40.42,25.7,"Neutral: no score crossed threshold, daily downtrend, 4H uptrend, positive 4H momentum, ADX trend confirmed, RSI acceptable, sentiment neutral",2026-06-10T11:22:10.006520+00:00
EURNZD,buy,75.4,81.61,86.16,35.0,100.0,100.0,60.0,100.0,0.0,75.4,0.0,"Buy: consensus favors long, daily uptrend, 4H uptrend, negative 4H momentum, RSI acceptable, sentiment neutral",2026-06-10T11:22:12.439812+00:00
EURRUB,sell,77.19,88.05,86.61,50.18,70.0,100.0,100.0,100.0,0.0,0.0,77.19,"Sell: consensus favors short, daily downtrend, 4H downtrend, negative 4H momentum, ADX trend confirmed, RSI acceptable, sentiment neutral",2026-06-10T11:22:14.836436+00:00
EURSEK,buy,68.45,45.98,86.25,61.3,100.0,60.0,60.0,100.0,0.0,68.45,0.0,"Buy: consensus favors long, daily uptrend, 4H uptrend, positive 4H momentum, RSI acceptable, sentiment neutral",2026-06-10T11:22:17.180167+00:00
EURSGD,sell,60.52,80.76,85.21,55.34,100.0,100.0,100.0,100.0,9.0,6.53,60.52,"Sell: consensus favors short, daily downtrend, 4H downtrend, positive 4H momentum, ADX trend confirmed, RSI acceptable, sentiment neutral",2026-06-10T11:22:19.641315+00:00
EURTRY,buy,62.12,80.02,55.36,56.14,100.0,100.0,30.0,50.0,0.0,62.12,15.24,"Buy: consensus favors long, daily uptrend, 4H downtrend, positive 4H momentum, RSI acceptable, sentiment neutral",2026-06-10T11:22:21.890297+00:00
EURUSD,sell,60.1,48.18,86.19,35.64,70.0,100.0,30.0,50.0,-3.0,10.43,60.1,"Sell: consensus favors short, daily downtrend, 4H downtrend, positive 4H momentum, RSI acceptable, sentiment neutral",2026-06-10T11:22:24.363756+00:00
FCTUSD,neutral,0.0,0.0,0.0,0.0,0.0,0.0,0.0,0.0,0.0,0.0,0.0,"ERROR: No fallback market data provider succeeded. yfinance: No yfinance market data returned for FCTUSD. Tried: FCT-USD: empty response, FCTUSD: empty response | binance: No Binance market data returned for FCTUSD. Tried: FCTUSDT: empty response | stooq: No Stooq market data returned for FCTUSD. Tried: fctusd: empty response",2026-06-10T11:22:26.874963+00:00
FDAX,neutral,47.81,81.22,86.03,82.39,100.0,60.0,100.0,100.0,3.0,9.62,47.81,"Neutral: no score crossed threshold, daily uptrend, 4H downtrend, negative 4H momentum, ADX trend confirmed, RSI acceptable, sentiment neutral",2026-06-10T11:22:28.512002+00:00
FILUSD,sell,82.7,100.0,100.0,43.34,100.0,100.0,60.0,100.0,0.0,0.0,82.7,"Sell: consensus favors short, daily downtrend, 4H downtrend, RSI acceptable, sentiment neutral",2026-06-10T11:22:30.607401+00:00
FLOKI,sell,89.78,100.0,100.0,78.91,100.0,100.0,60.0,50.0,13.0,0.0,89.78,"Sell: consensus favors short, daily downtrend, 4H downtrend, negative 4H momentum, RSI acceptable, sentiment neutral",2026-06-10T11:22:33.035493+00:00
FLOKIUSD,sell,89.92,100.0,100.0,78.91,100.0,100.0,60.0,50.0,6.0,0.0,89.92,"Sell: consensus favors short, daily downtrend, 4H downtrend, negative 4H momentum, RSI acceptable, sentiment neutral",2026-06-10T11:22:35.707688+00:00
FTI,neutral,40.41,80.0,64.82,55.0,60.0,100.0,0.0,100.0,10.0,40.41,1.14,"Neutral: no score crossed threshold, daily uptrend, 4H downtrend, positive 4H momentum, ADX too low, RSI acceptable, sentiment neutral",2026-06-10T11:22:38.120824+00:00
FTSE,neutral,46.82,80.0,86.48,70.31,100.0,60.0,100.0,100.0,-3.0,9.31,46.82,"Neutral: no score crossed threshold, daily uptrend, 4H downtrend, negative 4H momentum, ADX trend confirmed, RSI acceptable, sentiment neutral",2026-06-10T11:22:40.403984+00:00
FUNUSD,buy,85.35,65.0,100.0,100.0,100.0,60.0,100.0,100.0,5.0,85.35,1.4,"Buy: consensus favors long, daily uptrend, 4H uptrend, positive 4H momentum, ADX trend confirmed, RSI acceptable, sentiment neutral",2026-06-10T11:22:42.700225+00:00
GASUSD,sell,85.03,100.0,100.0,48.01,100.0,100.0,85.0,100.0,6.0,0.0,85.03,"Sell: consensus favors short, daily downtrend, 4H downtrend, negative 4H momentum, ADX trend confirmed, RSI acceptable, sentiment neutral",2026-06-10T11:22:45.194704+00:00
GBPAUD,neutral,18.29,80.0,87.07,63.61,100.0,0.0,100.0,50.0,-5.0,18.29,11.62,"Neutral: long and short scores too close, daily downtrend, 4H uptrend, positive 4H momentum, ADX trend confirmed, RSI overextended high, sentiment neutral",2026-06-10T11:22:47.696512+00:00
GBPCAD,neutral,45.29,81.22,85.49,36.07,60.0,100.0,0.0,50.0,10.0,45.29,0.0,"Neutral: no score crossed threshold, daily uptrend, 4H uptrend, positive 4H momentum, ADX too low, RSI acceptable, sentiment neutral",2026-06-10T11:22:50.083247+00:00
GBPCHF,buy,57.23,47.41,86.57,39.93,70.0,25.0,85.0,100.0,15.0,57.23,6.79,"Buy: consensus favors long, daily uptrend, 4H uptrend, positive 4H momentum, ADX trend confirmed, RSI acceptable, sentiment neutral",2026-06-10T11:22:52.426997+00:00
GBPJPY,buy,76.01,80.0,85.05,57.64,100.0,100.0,30.0,50.0,0.0,76.01,0.0,"Buy: consensus favors long, daily uptrend, 4H uptrend, positive 4H momentum, RSI acceptable, sentiment neutral",2026-06-10T11:22:54.798988+00:00
GBPNZD,buy,73.55,82.71,86.54,58.95,100.0,60.0,30.0,50.0,15.0,73.55,0.0,"Buy: consensus favors long, daily uptrend, 4H uptrend, positive 4H momentum, RSI acceptable, sentiment neutral",2026-06-10T11:22:57.288960+00:00
GBPSEK,buy,69.12,47.04,86.64,63.36,100.0,60.0,60.0,100.0,0.0,69.12,0.0,"Buy: consensus favors long, daily uptrend, 4H uptrend, positive 4H momentum, RSI acceptable, sentiment neutral",2026-06-10T11:22:59.705463+00:00
GBPUSD,neutral,52.6,47.18,85.79,36.79,100.0,100.0,30.0,50.0,-3.0,20.51,52.6,"Neutral: no score crossed threshold, daily downtrend, 4H downtrend, positive 4H momentum, RSI acceptable, sentiment neutral",2026-06-10T11:23:01.996167+00:00
GIGACHAD,neutral,0.0,0.0,0.0,0.0,0.0,0.0,0.0,0.0,0.0,0.0,0.0,ERROR: No fallback market data provider succeeded. yfinance: No yfinance market data returned for GIGACHAD. Tried: GIGACHAD: empty response | binance: No Binance market data returned for GIGACHAD. Tried: no crypto aliases | stooq: No Stooq market data returned for GIGACHAD. Tried: gigachad: empty response,2026-06-10T11:23:04.484977+00:00
GIGAUSD,neutral,0.0,0.0,0.0,0.0,0.0,0.0,0.0,0.0,0.0,0.0,0.0,"ERROR: No fallback market data provider succeeded. yfinance: No yfinance market data returned for GIGAUSD. Tried: GIGA-USD: empty response, GIGAUSD: empty response | binance: No Binance market data returned for GIGAUSD. Tried: GIGAUSDT: empty response | stooq: No Stooq market data returned for GIGAUSD. Tried: gigausd: empty response",2026-06-10T11:23:05.287870+00:00
GME,sell,68.46,96.64,94.5,80.06,100.0,100.0,100.0,50.0,16.0,10.7,68.46,"Sell: consensus favors short, daily downtrend, 4H downtrend, positive 4H momentum, ADX trend confirmed, RSI acceptable, sentiment neutral",2026-06-10T11:23:06.908919+00:00
GOATUSD,neutral,46.73,100.0,100.0,55.0,70.0,25.0,0.0,50.0,7.0,0.0,46.73,"Neutral: no score crossed threshold, daily downtrend, 4H downtrend, positive 4H momentum, ADX too low, RSI acceptable, sentiment neutral",2026-06-10T11:23:09.087261+00:00
HO,neutral,0.0,0.0,0.0,0.0,0.0,0.0,0.0,0.0,0.0,0.0,0.0,"ERROR: No fallback market data provider succeeded. yfinance: No yfinance market data returned for HO. Tried: HO: empty response | binance: No Binance market data returned for HO. Tried: no crypto aliases | stooq: No Stooq market data returned for HO. Tried: ho.us: empty response, ho: empty response",2026-06-10T11:23:11.310291+00:00
HOOD,neutral,36.3,80.0,67.82,55.0,60.0,100.0,0.0,50.0,33.0,14.37,36.3,"Neutral: no score crossed threshold, daily downtrend, 4H uptrend, ADX too low, RSI acceptable, sentiment positive",2026-06-10T11:23:12.348934+00:00
HSI,sell,72.24,60.14,93.0,66.35,70.0,60.0,100.0,50.0,0.0,7.75,72.24,"Sell: consensus favors short, daily downtrend, 4H downtrend, negative 4H momentum, ADX trend confirmed, RSI acceptable, sentiment neutral",2026-06-10T11:23:14.548737+00:00
IBM,buy,71.46,65.0,100.0,75.0,70.0,100.0,100.0,100.0,23.0,71.46,29.29,"Buy: consensus favors long, daily uptrend, 4H uptrend, negative 4H momentum, ADX trend confirmed, RSI acceptable, sentiment positive",2026-06-10T11:23:16.794374+00:00
IBX,neutral,28.45,84.87,62.14,66.44,100.0,100.0,0.0,50.0,35.0,28.45,5.05,"Neutral: no score crossed threshold, daily uptrend, 4H uptrend, negative 4H momentum, ADX too low, RSI acceptable, sentiment positive",2026-06-10T11:23:19.418295+00:00
ICON,sell,88.42,100.0,100.0,100.0,100.0,25.0,100.0,50.0,4.0,0.0,88.42,"Sell: consensus favors short, daily downtrend, 4H downtrend, negative 4H momentum, ADX trend confirmed, RSI acceptable, sentiment neutral",2026-06-10T11:23:21.871610+00:00
ICPUSD,sell,86.75,100.0,100.0,57.96,100.0,100.0,60.0,50.0,7.0,0.0,86.75,"Sell: consensus favors short, daily downtrend, 4H downtrend, negative 4H momentum, RSI acceptable, sentiment neutral",2026-06-10T11:23:24.128877+00:00
ICXUSD,sell,84.28,100.0,100.0,56.61,100.0,60.0,85.0,50.0,8.0,0.0,84.28,"Sell: consensus favors short, daily downtrend, 4H downtrend, negative 4H momentum, ADX trend confirmed, RSI acceptable, sentiment neutral",2026-06-10T11:23:26.699798+00:00
IEF,neutral,46.21,83.03,86.41,39.0,60.0,100.0,0.0,50.0,0.0,0.0,46.21,"Neutral: no score crossed threshold, daily downtrend, 4H downtrend, negative 4H momentum, ADX too low, RSI acceptable, sentiment neutral",2026-06-10T11:23:29.199540+00:00
INTC,buy,68.12,80.0,98.19,60.0,60.0,100.0,30.0,100.0,17.0,68.12,4.06,"Buy: consensus favors long, daily uptrend, 4H uptrend, negative 4H momentum, RSI acceptable, sentiment neutral",2026-06-10T11:23:31.341469+00:00
IOTA,sell,94.73,100.0,100.0,79.92,100.0,100.0,100.0,100.0,13.0,0.0,94.73,"Sell: consensus favors short, daily downtrend, 4H downtrend, negative 4H momentum, ADX trend confirmed, RSI acceptable, sentiment neutral",2026-06-10T11:23:33.664966+00:00
IOTAETH,sell,55.56,80.0,89.47,82.62,70.0,100.0,0.0,50.0,10.0,0.0,55.56,"Sell: consensus favors short, daily downtrend, 4H downtrend, negative 4H momentum, ADX too low, RSI acceptable, sentiment neutral",2026-06-10T11:23:36.402691+00:00
IOTUSD,sell,65.16,100.0,100.0,80.0,100.0,0.0,100.0,100.0,-8.0,0.0,65.16,"Sell: consensus favors short, daily downtrend, 4H downtrend, negative 4H momentum, ADX trend confirmed, RSI overextended low, sentiment neutral",2026-06-10T11:23:38.853138+00:00
KCSUSD,sell,74.2,100.0,100.0,60.29,60.0,100.0,85.0,50.0,-7.0,3.6,74.2,"Sell: consensus favors short, daily downtrend, 4H downtrend, positive 4H momentum, ADX trend confirmed, RSI acceptable, sentiment neutral",2026-06-10T11:23:41.340520+00:00
KLM,sell,56.93,61.07,69.98,75.33,100.0,100.0,60.0,50.0,3.0,48.02,56.93,"Sell: consensus favors short, daily uptrend, 4H uptrend, negative 4H momentum, RSI acceptable, sentiment neutral",2026-06-10T11:23:43.816892+00:00
KMDUSD,sell,93.26,100.0,100.0,100.0,100.0,100.0,30.0,100.0,-8.0,0.0,93.26,"Sell: consensus favors short, daily downtrend, 4H downtrend, negative 4H momentum, RSI acceptable, sentiment neutral",2026-06-10T11:23:46.003049+00:00
KNCUSD,sell,81.21,100.0,100.0,36.05,70.0,100.0,100.0,100.0,-9.0,0.0,81.21,"Sell: consensus favors short, daily downtrend, 4H downtrend, ADX trend confirmed, RSI acceptable, sentiment neutral",2026-06-10T11:23:48.464831+00:00
LENDUSD,neutral,49.06,100.0,100.0,35.0,70.0,0.0,70.0,50.0,-8.0,0.0,49.06,"Neutral: no score crossed threshold, daily downtrend, 4H downtrend, positive 4H momentum, ADX trend confirmed, RSI overextended low, sentiment neutral",2026-06-10T11:23:50.916932+00:00
LINKUSD,sell,93.73,100.0,97.91,75.0,100.0,100.0,100.0,100.0,0.0,0.0,93.73,"Sell: consensus favors short, daily downtrend, 4H downtrend, negative 4H momentum, ADX trend confirmed, RSI acceptable, sentiment neutral",2026-06-10T11:23:53.337179+00:00
LRCUSD,sell,89.82,100.0,100.0,91.45,100.0,100.0,30.0,50.0,0.0,0.0,89.82,"Sell: consensus favors short, daily downtrend, 4H downtrend, negative 4H momentum, RSI acceptable, sentiment neutral",2026-06-10T11:23:55.779333+00:00
LTCBTC,sell,73.05,82.87,89.34,40.87,60.0,100.0,100.0,50.0,0.0,0.0,73.05,"Sell: consensus favors short, daily downtrend, 4H downtrend, positive 4H momentum, ADX trend confirmed, RSI acceptable, sentiment neutral",2026-06-10T11:23:58.239754+00:00
LTCETH,neutral,53.48,80.0,55.37,39.15,60.0,100.0,30.0,50.0,-10.0,25.8,53.48,"Neutral: no score crossed threshold, daily downtrend, 4H uptrend, positive 4H momentum, RSI acceptable, sentiment neutral",2026-06-10T11:24:00.683218+00:00
LTCUSD,sell,83.12,100.0,100.0,35.89,100.0,100.0,85.0,100.0,10.0,0.0,83.12,"Sell: consensus favors short, daily downtrend, 4H downtrend, ADX trend confirmed, RSI acceptable, sentiment neutral",2026-06-10T11:24:03.159411+00:00
LUNAUSD,sell,92.74,100.0,100.0,77.46,100.0,100.0,100.0,50.0,-6.0,0.0,92.74,"Sell: consensus favors short, daily downtrend, 4H downtrend, negative 4H momentum, ADX trend confirmed, RSI acceptable, sentiment neutral",2026-06-10T11:24:05.660725+00:00
LYFT,neutral,44.81,84.6,56.44,44.03,70.0,100.0,0.0,100.0,3.0,0.0,44.81,"Neutral: no score crossed threshold, daily downtrend, 4H downtrend, negative 4H momentum, ADX too low, RSI acceptable, sentiment neutral",2026-06-10T11:24:11.946437+00:00
MATICUSD,neutral,0.0,0.0,0.0,0.0,0.0,0.0,0.0,0.0,0.0,0.0,0.0,"ERROR: No fallback market data provider succeeded. yfinance: No yfinance market data returned for MATICUSD. Tried: MATIC-USD: empty response, MATICUSD: empty response | binance: No Binance market data returned for MATICUSD. Tried: MATICUSDT: empty response | stooq: Stooq fallback only supports timeframe='1d'.",2026-06-10T11:24:14.150464+00:00
MELANIAUSD,sell,76.13,100.0,100.0,54.33,70.0,100.0,85.0,50.0,-9.0,3.67,76.13,"Sell: consensus favors short, daily downtrend, 4H downtrend, positive 4H momentum, ADX trend confirmed, RSI acceptable, sentiment neutral",2026-06-10T11:24:15.566610+00:00
MEMEUSD,sell,55.39,80.0,56.97,99.81,100.0,100.0,0.0,100.0,-9.0,0.0,55.39,"Sell: consensus favors short, daily downtrend, 4H downtrend, negative 4H momentum, ADX too low, RSI acceptable, sentiment neutral",2026-06-10T11:24:18.014482+00:00
META,sell,79.83,87.95,91.69,80.14,70.0,100.0,30.0,50.0,10.0,0.0,79.83,"Sell: consensus favors short, daily downtrend, 4H downtrend, negative 4H momentum, RSI acceptable, sentiment neutral",2026-06-10T11:24:20.620978+00:00
MEW,neutral,0.0,0.0,0.0,0.0,0.0,0.0,0.0,0.0,0.0,0.0,0.0,"ERROR: No fallback market data provider succeeded. yfinance: No yfinance market data returned for MEW. Tried: MEW-USD: empty response, MEW: empty response | binance: No Binance market data returned for MEW. Tried: MEWUSDT: empty response | stooq: No Stooq market data returned for MEW. Tried: mew: empty response",2026-06-10T11:24:22.769092+00:00
MEWUSD,neutral,0.0,0.0,0.0,0.0,0.0,0.0,0.0,0.0,0.0,0.0,0.0,"ERROR: No fallback market data provider succeeded. yfinance: No yfinance market data returned for MEWUSD. Tried: MEW-USD: empty response, MEWUSD: empty response | binance: No Binance market data returned for MEWUSD. Tried: MEWUSDT: empty response | stooq: No Stooq market data returned for MEWUSD. Tried: mewusd: empty response",2026-06-10T11:24:24.215069+00:00
MEX,neutral,45.99,80.0,91.55,72.4,70.0,60.0,100.0,50.0,0.0,18.64,45.99,"Neutral: no score crossed threshold, daily uptrend, 4H downtrend, negative 4H momentum, ADX trend confirmed, RSI acceptable, sentiment neutral",2026-06-10T11:24:25.812620+00:00
MIB,neutral,39.51,83.82,88.63,56.45,60.0,100.0,0.0,100.0,10.0,39.51,0.0,"Neutral: no score crossed threshold, daily uptrend, 4H uptrend, negative 4H momentum, ADX too low, RSI acceptable, sentiment neutral",2026-06-10T11:24:28.236134+00:00
MKRUSD,sell,80.34,100.0,100.0,57.39,70.0,100.0,60.0,100.0,-7.0,0.0,80.34,"Sell: consensus favors short, daily downtrend, 4H downtrend, positive 4H momentum, RSI acceptable, sentiment neutral",2026-06-10T11:24:30.638670+00:00
MOG,sell,64.13,45.0,100.0,40.0,60.0,100.0,100.0,50.0,31.0,27.87,64.13,"Sell: consensus favors short, daily mixed, 4H downtrend, ADX trend confirmed, RSI acceptable, sentiment positive",2026-06-10T11:24:33.165879+00:00
MOGUSD,sell,64.91,45.0,100.0,40.0,60.0,100.0,100.0,50.0,-8.0,27.09,64.91,"Sell: consensus favors short, daily mixed, 4H downtrend, ADX trend confirmed, RSI acceptable, sentiment neutral",2026-06-10T11:24:35.759288+00:00
MONAUSD,sell,76.13,100.0,94.99,49.49,60.0,100.0,60.0,50.0,-9.0,0.0,76.13,"Sell: consensus favors short, daily downtrend, 4H downtrend, positive 4H momentum, RSI acceptable, sentiment neutral",2026-06-10T11:24:38.231646+00:00
MOODENG,neutral,0.0,0.0,0.0,0.0,0.0,0.0,0.0,0.0,0.0,0.0,0.0,"ERROR: No fallback market data provider succeeded. yfinance: No yfinance market data returned for MOODENG. Tried: MOODENG-USD: empty response, MOODENG: empty response | binance: No Binance market data returned for MOODENG. Tried: MOODENGUSDT: empty response | stooq: Stooq fallback only supports timeframe='1d'.",2026-06-10T11:24:40.727350+00:00
MOODENGUSD,neutral,0.0,0.0,0.0,0.0,0.0,0.0,0.0,0.0,0.0,0.0,0.0,"ERROR: No fallback market data provider succeeded. yfinance: No yfinance market data returned for MOODENGUSD. Tried: MOODENG-USD: empty response, MOODENGUSD: empty response | binance: No Binance market data returned for MOODENGUSD. Tried: MOODENGUSDT: empty response | stooq: Stooq fallback only supports timeframe='1d'.",2026-06-10T11:24:42.046976+00:00
MSCI,buy,70.63,85.99,94.0,53.42,70.0,100.0,30.0,100.0,3.0,70.63,0.0,"Buy: consensus favors long, daily uptrend, 4H uptrend, negative 4H momentum, RSI acceptable, sentiment neutral",2026-06-10T11:24:43.299871+00:00
NASDAQ,buy,59.03,80.0,64.91,66.46,100.0,100.0,100.0,100.0,-10.0,59.03,32.25,"Buy: consensus favors long, daily uptrend, 4H uptrend, negative 4H momentum, ADX trend confirmed, RSI acceptable, sentiment neutral",2026-06-10T11:24:45.797827+00:00
NEIRO,sell,82.54,100.0,100.0,44.58,60.0,100.0,100.0,50.0,-13.0,0.0,82.54,"Sell: consensus favors short, daily downtrend, 4H downtrend, ADX trend confirmed, RSI acceptable, sentiment neutral",2026-06-10T11:24:48.060717+00:00
NEIROUSD,sell,82.37,100.0,100.0,44.82,60.0,100.0,100.0,50.0,-7.0,0.0,82.37,"Sell: consensus favors short, daily downtrend, 4H downtrend, ADX trend confirmed, RSI acceptable, sentiment neutral",2026-06-10T11:24:53.912079+00:00
NEMUSD,neutral,0.0,0.0,0.0,0.0,0.0,0.0,0.0,0.0,0.0,0.0,0.0,"ERROR: No fallback market data provider succeeded. yfinance: No yfinance market data returned for NEMUSD. Tried: NEM-USD: empty response, NEMUSD: empty response | binance: No Binance market data returned for NEMUSD. Tried: NEMUSDT: empty response | stooq: No Stooq market data returned for NEMUSD. Tried: nemusd: empty response",2026-06-10T11:25:01.042483+00:00
NEO,sell,84.48,100.0,100.0,41.26,70.0,100.0,85.0,100.0,33.0,0.0,84.48,"Sell: consensus favors short, daily downtrend, 4H downtrend, ADX trend confirmed, RSI acceptable, sentiment positive",2026-06-10T11:25:02.957544+00:00
NEOBTC,sell,76.73,92.36,94.92,36.68,60.0,100.0,60.0,100.0,-10.0,0.0,76.73,"Sell: consensus favors short, daily downtrend, 4H downtrend, positive 4H momentum, RSI acceptable, sentiment neutral",2026-06-10T11:25:05.994497+00:00
NEOETH,neutral,38.45,87.81,90.74,58.37,100.0,100.0,0.0,100.0,-10.0,0.0,38.45,"Neutral: no score crossed threshold, daily downtrend, 4H downtrend, positive 4H momentum, ADX too low, RSI acceptable, sentiment neutral",2026-06-10T11:25:08.532572+00:00
NEOUSD,sell,85.26,100.0,100.0,41.26,70.0,100.0,85.0,100.0,-6.0,0.0,85.26,"Sell: consensus favors short, daily downtrend, 4H downtrend, ADX trend confirmed, RSI acceptable, sentiment neutral",2026-06-10T11:25:11.210347+00:00
NFLX,sell,79.85,91.09,100.0,68.76,100.0,60.0,30.0,50.0,17.0,0.0,79.85,"Sell: consensus favors short, daily downtrend, 4H downtrend, negative 4H momentum, RSI acceptable, sentiment neutral",2026-06-10T11:25:13.755046+00:00
NG,neutral,46.55,80.0,56.22,68.23,60.0,100.0,30.0,50.0,0.0,36.39,46.55,"Neutral: no score crossed threshold, daily downtrend, 4H uptrend, positive 4H momentum, RSI acceptable, sentiment neutral",2026-06-10T11:25:16.043310+00:00
NKD,neutral,39.96,83.23,58.4,85.3,100.0,60.0,100.0,50.0,-10.0,39.96,39.59,"Neutral: long and short scores too close, daily uptrend, 4H downtrend, negative 4H momentum, ADX trend confirmed, RSI acceptable, sentiment neutral",2026-06-10T11:25:18.790029+00:00
NOKJPY,neutral,32.18,80.0,87.77,55.28,60.0,100.0,60.0,100.0,0.0,32.18,28.45,"Neutral: long and short scores too close, daily uptrend, 4H downtrend, positive 4H momentum, RSI acceptable, sentiment neutral",2026-06-10T11:25:21.479976+00:00
NQ,neutral,48.75,80.0,91.02,81.94,100.0,60.0,85.0,100.0,0.0,9.46,48.75,"Neutral: no score crossed threshold, daily uptrend, 4H downtrend, negative 4H momentum, ADX trend confirmed, RSI acceptable, sentiment neutral",2026-06-10T11:25:24.008181+00:00
NVDA,buy,57.32,80.0,60.09,64.66,60.0,100.0,30.0,50.0,10.0,57.32,22.39,"Buy: consensus favors long, daily uptrend, 4H uptrend, negative 4H momentum, RSI acceptable, sentiment neutral",2026-06-10T11:25:26.578855+00:00
NVIDIA,buy,57.18,80.0,60.09,64.66,60.0,100.0,30.0,50.0,3.0,57.18,22.53,"Buy: consensus favors long, daily uptrend, 4H uptrend, negative 4H momentum, RSI acceptable, sentiment neutral",2026-06-10T11:25:28.922868+00:00
NZDCAD,neutral,36.15,80.0,86.07,35.0,100.0,100.0,60.0,100.0,22.0,23.16,36.15,"Neutral: no score crossed threshold, daily uptrend, 4H downtrend, positive 4H momentum, RSI acceptable, sentiment positive",2026-06-10T11:25:31.676868+00:00
NZDCHF,neutral,53.29,80.33,60.02,35.82,60.0,100.0,85.0,100.0,0.0,31.33,53.29,"Neutral: no score crossed threshold, daily downtrend, 4H uptrend, positive 4H momentum, ADX trend confirmed, RSI acceptable, sentiment neutral",2026-06-10T11:25:34.189774+00:00
NZDJPY,neutral,38.73,80.0,86.51,35.85,100.0,100.0,60.0,50.0,-10.0,20.75,38.73,"Neutral: no score crossed threshold, daily uptrend, 4H downtrend, positive 4H momentum, RSI acceptable, sentiment neutral",2026-06-10T11:25:36.826032+00:00
NZDUSD,sell,66.5,49.8,87.37,35.0,100.0,100.0,60.0,50.0,-23.0,9.33,66.5,"Sell: consensus favors short, daily downtrend, 4H downtrend, positive 4H momentum, RSI acceptable, sentiment negative",2026-06-10T11:25:39.330133+00:00
OMGETH,neutral,51.73,80.0,87.92,61.09,100.0,100.0,100.0,50.0,20.0,51.73,22.27,"Neutral: no score crossed threshold, daily downtrend, 4H uptrend, positive 4H momentum, ADX trend confirmed, RSI acceptable, sentiment positive",2026-06-10T11:25:41.932953+00:00
OMGUSD,neutral,54.9,100.0,100.0,55.0,70.0,100.0,0.0,100.0,14.0,0.0,54.9,"Neutral: no score crossed threshold, daily downtrend, 4H downtrend, positive 4H momentum, ADX too low, RSI acceptable, sentiment neutral",2026-06-10T11:25:44.514810+00:00
ONTUSD,neutral,48.8,100.0,96.51,59.74,60.0,100.0,0.0,50.0,14.0,0.0,48.8,"Neutral: no score crossed threshold, daily downtrend, 4H downtrend, positive 4H momentum, ADX too low, RSI acceptable, sentiment neutral",2026-06-10T11:25:47.068621+00:00
PA,sell,74.93,100.0,100.0,59.1,60.0,100.0,85.0,100.0,7.0,2.71,74.93,"Sell: consensus favors short, daily downtrend, 4H downtrend, positive 4H momentum, ADX trend confirmed, RSI acceptable, sentiment neutral",2026-06-10T11:25:49.574016+00:00
PFE,neutral,38.46,45.47,88.47,37.25,100.0,100.0,0.0,100.0,17.0,0.0,38.46,"Neutral: no score crossed threshold, daily downtrend, 4H downtrend, positive 4H momentum, ADX too low, RSI acceptable, sentiment neutral",2026-06-10T11:25:52.119041+00:00
PIVX,sell,85.45,100.0,100.0,49.65,70.0,100.0,100.0,50.0,0.0,0.0,85.45,"Sell: consensus favors short, daily downtrend, 4H downtrend, negative 4H momentum, ADX trend confirmed, RSI acceptable, sentiment neutral",2026-06-10T11:25:54.462939+00:00
PIVXUSD,sell,85.15,100.0,100.0,49.65,70.0,100.0,100.0,50.0,15.0,0.0,85.15,"Sell: consensus favors short, daily downtrend, 4H downtrend, negative 4H momentum, ADX trend confirmed, RSI acceptable, sentiment neutral",2026-06-10T11:25:57.345009+00:00
PNUTUSD,sell,88.69,100.0,100.0,39.92,100.0,100.0,100.0,100.0,15.0,0.0,88.69,"Sell: consensus favors short, daily downtrend, 4H downtrend, ADX trend confirmed, RSI acceptable, sentiment neutral",2026-06-10T11:25:59.947237+00:00
PONKEUSD,sell,79.33,100.0,100.0,50.49,100.0,60.0,30.0,50.0,17.0,0.0,79.33,"Sell: consensus favors short, daily downtrend, 4H downtrend, negative 4H momentum, RSI acceptable, sentiment neutral",2026-06-10T11:26:02.598654+00:00
POPCAT,neutral,0.0,0.0,0.0,0.0,0.0,0.0,0.0,0.0,0.0,0.0,0.0,"ERROR: No fallback market data provider succeeded. yfinance: No yfinance market data returned for POPCAT. Tried: POPCAT-USD: empty response, POPCAT: empty response | binance: No Binance market data returned for POPCAT. Tried: POPCATUSDT: empty response | stooq: No Stooq market data returned for POPCAT. Tried: popcat: empty response",2026-06-10T11:26:05.369536+00:00
POPCATUSD,neutral,0.0,0.0,0.0,0.0,0.0,0.0,0.0,0.0,0.0,0.0,0.0,"ERROR: No fallback market data provider succeeded. yfinance: No yfinance market data returned for POPCATUSD. Tried: POPCAT-USD: empty response, POPCATUSD: empty response | binance: No Binance market data returned for POPCATUSD. Tried: POPCATUSDT: empty response | stooq: No Stooq market data returned for POPCATUSD. Tried: popcatusd: empty response",2026-06-10T11:26:07.054852+00:00
PPTUSD,sell,57.09,100.0,61.81,80.0,70.0,60.0,100.0,50.0,18.0,28.06,57.09,"Sell: consensus favors short, daily downtrend, 4H downtrend, positive 4H momentum, ADX trend confirmed, RSI acceptable, sentiment neutral",2026-06-10T11:26:08.717138+00:00
PVH,sell,74.79,65.0,95.52,80.0,60.0,100.0,100.0,100.0,17.0,20.72,74.79,"Sell: consensus favors short, daily downtrend, 4H downtrend, negative 4H momentum, ADX trend confirmed, RSI acceptable, sentiment neutral",2026-06-10T11:26:11.270313+00:00
QTUM,sell,90.08,100.0,100.0,47.63,100.0,100.0,100.0,100.0,3.0,0.0,90.08,"Sell: consensus favors short, daily downtrend, 4H downtrend, negative 4H momentum, ADX trend confirmed, RSI acceptable, sentiment neutral",2026-06-10T11:26:13.682408+00:00
QTUMETH,neutral,54.84,86.15,89.8,35.0,100.0,100.0,0.0,100.0,20.0,0.0,54.84,"Neutral: no score crossed threshold, daily downtrend, 4H downtrend, ADX too low, RSI acceptable, sentiment positive",2026-06-10T11:26:16.545309+00:00
QTUMUSD,sell,89.86,100.0,100.0,47.63,100.0,100.0,100.0,100.0,14.0,0.0,89.86,"Sell: consensus favors short, daily downtrend, 4H downtrend, negative 4H momentum, ADX trend confirmed, RSI acceptable, sentiment neutral",2026-06-10T11:26:19.116408+00:00
REPUSD,sell,89.28,100.0,100.0,77.59,70.0,100.0,100.0,50.0,18.0,0.0,89.28,"Sell: consensus favors short, daily downtrend, 4H downtrend, negative 4H momentum, ADX trend confirmed, RSI acceptable, sentiment neutral",2026-06-10T11:26:21.709489+00:00
RUNEUSD,sell,67.41,100.0,62.68,80.0,60.0,100.0,100.0,50.0,13.0,29.18,67.41,"Sell: consensus favors short, daily downtrend, 4H downtrend, positive 4H momentum, ADX trend confirmed, RSI acceptable, sentiment neutral",2026-06-10T11:26:24.337212+00:00
RUSSELL,neutral,45.5,80.0,89.61,51.63,60.0,100.0,0.0,50.0,5.0,45.5,0.0,"Neutral: no score crossed threshold, daily uptrend, 4H uptrend, negative 4H momentum, ADX too low, RSI acceptable, sentiment neutral",2026-06-10T11:26:26.987360+00:00
SALT,buy,70.29,100.0,100.0,73.83,100.0,100.0,85.0,50.0,17.0,70.29,9.43,"Buy: consensus favors long, daily uptrend, 4H uptrend, negative 4H momentum, ADX trend confirmed, RSI acceptable, sentiment neutral",2026-06-10T11:26:29.378214+00:00
SALTUSD,buy,70.31,100.0,100.0,73.83,100.0,100.0,85.0,50.0,18.0,70.31,9.41,"Buy: consensus favors long, daily uptrend, 4H uptrend, negative 4H momentum, ADX trend confirmed, RSI acceptable, sentiment neutral",2026-06-10T11:26:31.975021+00:00
SAP,sell,71.79,80.0,59.8,100.0,100.0,60.0,30.0,50.0,13.0,4.0,71.79,"Sell: consensus favors short, daily downtrend, 4H downtrend, negative 4H momentum, RSI acceptable, sentiment neutral",2026-06-10T11:26:34.484600+00:00
SCUSD,sell,80.41,100.0,100.0,38.27,70.0,100.0,85.0,100.0,14.0,0.0,80.41,"Sell: consensus favors short, daily downtrend, 4H downtrend, ADX trend confirmed, RSI acceptable, sentiment neutral",2026-06-10T11:26:37.277186+00:00
SE,sell,76.05,85.17,87.13,69.54,70.0,100.0,30.0,50.0,28.0,0.0,76.05,"Sell: consensus favors short, daily downtrend, 4H downtrend, negative 4H momentum, RSI acceptable, sentiment positive",2026-06-10T11:26:40.312293+00:00
SGDJPY,buy,64.79,81.01,55.12,36.15,70.0,100.0,60.0,50.0,7.0,64.79,13.59,"Buy: consensus favors long, daily uptrend, 4H uptrend, positive 4H momentum, RSI acceptable, sentiment neutral",2026-06-10T11:26:42.752572+00:00
SHIB,sell,85.2,100.0,100.0,36.72,100.0,100.0,85.0,50.0,13.0,0.0,85.2,"Sell: consensus favors short, daily downtrend, 4H downtrend, ADX trend confirmed, RSI acceptable, sentiment neutral",2026-06-10T11:26:45.159636+00:00
SHIBUSD,sell,85.46,100.0,100.0,36.72,100.0,100.0,85.0,50.0,0.0,0.0,85.46,"Sell: consensus favors short, daily downtrend, 4H downtrend, ADX trend confirmed, RSI acceptable, sentiment neutral",2026-06-10T11:26:47.747736+00:00
SHY,sell,66.79,80.97,85.68,36.45,60.0,100.0,30.0,50.0,22.0,0.0,66.79,"Sell: consensus favors short, daily downtrend, 4H downtrend, negative 4H momentum, RSI acceptable, sentiment positive",2026-06-10T11:26:50.432980+00:00
SNTUSD,sell,77.26,100.0,100.0,55.0,60.0,100.0,100.0,50.0,15.0,4.3,77.26,"Sell: consensus favors short, daily downtrend, 4H downtrend, positive 4H momentum, ADX trend confirmed, RSI acceptable, sentiment neutral",2026-06-10T11:26:52.848709+00:00
SNXUSD,sell,89.08,100.0,100.0,41.3,100.0,100.0,100.0,100.0,6.0,0.0,89.08,"Sell: consensus favors short, daily downtrend, 4H downtrend, ADX trend confirmed, RSI acceptable, sentiment neutral",2026-06-10T11:26:55.397205+00:00
SOL,sell,92.28,100.0,100.0,77.84,100.0,100.0,100.0,50.0,20.0,0.0,92.28,"Sell: consensus favors short, daily downtrend, 4H downtrend, negative 4H momentum, ADX trend confirmed, RSI acceptable, sentiment positive",2026-06-10T11:26:57.977851+00:00
SOLUSD,sell,92.47,100.0,100.0,77.79,100.0,100.0,100.0,50.0,10.0,0.0,92.47,"Sell: consensus favors short, daily downtrend, 4H downtrend, negative 4H momentum, ADX trend confirmed, RSI acceptable, sentiment neutral",2026-06-10T11:27:00.649382+00:00
SOYBEAN,neutral,36.43,80.0,94.98,57.47,60.0,100.0,70.0,50.0,7.0,33.16,36.43,"Neutral: long and short scores too close, daily uptrend, 4H downtrend, positive 4H momentum, ADX trend confirmed, RSI acceptable, sentiment neutral",2026-06-10T11:27:03.320615+00:00
SPCE,buy,76.12,65.0,100.0,45.23,60.0,100.0,85.0,100.0,7.0,76.12,19.56,"Buy: consensus favors long, daily uptrend, 4H uptrend, positive 4H momentum, ADX trend confirmed, RSI acceptable, sentiment neutral",2026-06-10T11:27:05.762547+00:00
SPDR,neutral,0.0,0.0,0.0,0.0,0.0,0.0,0.0,0.0,0.0,0.0,0.0,"ERROR: No fallback market data provider succeeded. yfinance: No yfinance market data returned for SPDR. Tried: SPDR: empty response | binance: No Binance market data returned for SPDR. Tried: no crypto aliases | stooq: No Stooq market data returned for SPDR. Tried: spdr.us: empty response, spdr: empty response",2026-06-10T11:27:08.144491+00:00
SPX6900,neutral,0.0,0.0,0.0,0.0,0.0,0.0,0.0,0.0,0.0,0.0,0.0,ERROR: No fallback market data provider succeeded. yfinance: No yfinance market data returned for SPX6900. Tried: SPX6900: empty response | binance: No Binance market data returned for SPX6900. Tried: no crypto aliases | stooq: No Stooq market data returned for SPX6900. Tried: spx6900: empty response,2026-06-10T11:27:09.933625+00:00
SPXUSD,neutral,0.0,0.0,0.0,0.0,0.0,0.0,0.0,0.0,0.0,0.0,0.0,"ERROR: No fallback market data provider succeeded. yfinance: No yfinance market data returned for SPXUSD. Tried: SPX-USD: empty response, SPXUSD: empty response | binance: No Binance market data returned for SPXUSD. Tried: SPXUSDT: empty response | stooq: No Stooq market data returned for SPXUSD. Tried: spxusd: empty response",2026-06-10T11:27:10.763372+00:00
STEEMUSD,sell,88.59,100.0,100.0,85.11,100.0,100.0,30.0,50.0,14.0,0.0,88.59,"Sell: consensus favors short, daily downtrend, 4H downtrend, negative 4H momentum, RSI acceptable, sentiment neutral",2026-06-10T11:27:12.453721+00:00
STOXX,neutral,25.64,82.91,62.84,63.26,100.0,100.0,0.0,100.0,10.0,25.64,7.25,"Neutral: no score crossed threshold, daily uptrend, 4H uptrend, negative 4H momentum, ADX too low, RSI acceptable, sentiment neutral",2026-06-10T11:27:15.140843+00:00
SUGAR,sell,59.04,94.26,89.88,74.68,100.0,100.0,0.0,100.0,10.0,0.0,59.04,"Sell: consensus favors short, daily downtrend, 4H downtrend, negative 4H momentum, ADX too low, RSI acceptable, sentiment neutral",2026-06-10T11:27:17.559964+00:00
SUSHIUSD,sell,85.47,100.0,100.0,51.68,70.0,100.0,100.0,50.0,14.0,0.0,85.47,"Sell: consensus favors short, daily downtrend, 4H downtrend, negative 4H momentum, ADX trend confirmed, RSI acceptable, sentiment neutral",2026-06-10T11:27:20.045296+00:00
SV,neutral,0.0,0.0,0.0,0.0,0.0,0.0,0.0,0.0,0.0,0.0,0.0,"ERROR: No fallback market data provider succeeded. yfinance: No yfinance market data returned for SV. Tried: SV: empty response | binance: No Binance market data returned for SV. Tried: no crypto aliases | stooq: No Stooq market data returned for SV. Tried: sv.us: empty response, sv: empty response",2026-06-10T11:27:22.647657+00:00
TA-35,neutral,52.07,80.0,92.13,88.25,100.0,60.0,100.0,50.0,3.0,12.84,52.07,"Neutral: no score crossed threshold, daily uptrend, 4H downtrend, negative 4H momentum, ADX trend confirmed, RSI acceptable, sentiment neutral",2026-06-10T11:27:23.996635+00:00
TF,neutral,0.0,0.0,0.0,0.0,0.0,0.0,0.0,0.0,0.0,0.0,0.0,"ERROR: No fallback market data provider succeeded. yfinance: No yfinance market data returned for TF. Tried: TF: empty response | binance: No Binance market data returned for TF. Tried: no crypto aliases | stooq: No Stooq market data returned for TF. Tried: tf.us: empty response, tf: empty response",2026-06-10T11:27:26.214822+00:00
THETA,sell,88.0,100.0,100.0,46.64,100.0,100.0,100.0,50.0,0.0,0.0,88.0,"Sell: consensus favors short, daily downtrend, 4H downtrend, negative 4H momentum, ADX trend confirmed, RSI acceptable, sentiment neutral",2026-06-10T11:27:27.384519+00:00
THETAUSD,sell,87.72,100.0,100.0,46.64,100.0,100.0,100.0,50.0,14.0,0.0,87.72,"Sell: consensus favors short, daily downtrend, 4H downtrend, negative 4H momentum, ADX trend confirmed, RSI acceptable, sentiment neutral",2026-06-10T11:27:30.119526+00:00
TLT,neutral,47.53,83.39,85.58,37.9,60.0,100.0,0.0,100.0,20.0,0.0,47.53,"Neutral: no score crossed threshold, daily downtrend, 4H downtrend, negative 4H momentum, ADX too low, RSI acceptable, sentiment positive",2026-06-10T11:27:32.670807+00:00
TRUMP,neutral,51.12,100.0,95.52,35.0,100.0,0.0,70.0,50.0,-17.0,0.0,51.12,"Neutral: no score crossed threshold, daily downtrend, 4H downtrend, positive 4H momentum, ADX trend confirmed, RSI overextended low, sentiment neutral",2026-06-10T11:27:35.160924+00:00
TRUMPUSD,neutral,50.7,100.0,95.52,35.0,100.0,0.0,70.0,50.0,4.0,0.0,50.7,"Neutral: no score crossed threshold, daily downtrend, 4H downtrend, positive 4H momentum, ADX trend confirmed, RSI overextended low, sentiment neutral",2026-06-10T11:27:39.751413+00:00
TRXUSD,neutral,45.3,80.0,92.62,42.57,70.0,100.0,100.0,100.0,12.0,28.14,45.3,"Neutral: no score crossed threshold, daily uptrend, 4H downtrend, negative 4H momentum, ADX trend confirmed, RSI acceptable, sentiment neutral",2026-06-10T11:27:43.696482+00:00
TSLA,neutral,48.57,80.0,85.63,80.0,100.0,100.0,30.0,100.0,10.0,14.46,48.57,"Neutral: no score crossed threshold, daily uptrend, 4H downtrend, negative 4H momentum, RSI acceptable, sentiment neutral",2026-06-10T11:27:46.476694+00:00
TUI,sell,68.67,80.0,55.81,87.56,100.0,60.0,30.0,50.0,26.0,0.0,68.67,"Sell: consensus favors short, daily downtrend, 4H downtrend, negative 4H momentum, RSI acceptable, sentiment positive",2026-06-10T11:27:48.705647+00:00
TURBO,sell,95.51,100.0,100.0,91.33,100.0,100.0,85.0,100.0,7.0,0.0,95.51,"Sell: consensus favors short, daily downtrend, 4H downtrend, negative 4H momentum, ADX trend confirmed, RSI acceptable, sentiment neutral",2026-06-10T11:27:51.057717+00:00
TURBOUSD,sell,95.37,100.0,100.0,91.33,100.0,100.0,85.0,100.0,14.0,0.0,95.37,"Sell: consensus favors short, daily downtrend, 4H downtrend, negative 4H momentum, ADX trend confirmed, RSI acceptable, sentiment neutral",2026-06-10T11:27:53.827922+00:00
UMA,sell,87.54,100.0,97.55,36.62,100.0,100.0,100.0,100.0,17.0,0.0,87.54,"Sell: consensus favors short, daily downtrend, 4H downtrend, ADX trend confirmed, RSI acceptable, sentiment neutral",2026-06-10T11:27:56.370345+00:00
UMAUSD,sell,87.58,100.0,97.55,36.62,100.0,100.0,100.0,100.0,15.0,0.0,87.58,"Sell: consensus favors short, daily downtrend, 4H downtrend, ADX trend confirmed, RSI acceptable, sentiment neutral",2026-06-10T11:27:59.256394+00:00
UNIUSD,sell,91.02,88.24,100.0,87.61,100.0,100.0,100.0,50.0,9.0,0.0,91.02,"Sell: consensus favors short, daily downtrend, 4H downtrend, negative 4H momentum, ADX trend confirmed, RSI acceptable, sentiment neutral",2026-06-10T11:28:01.893234+00:00
USDCAD,neutral,54.05,48.37,86.28,55.83,60.0,100.0,30.0,50.0,7.0,54.05,19.41,"Neutral: no score crossed threshold, daily uptrend, 4H uptrend, negative 4H momentum, RSI acceptable, sentiment neutral",2026-06-10T11:28:07.805470+00:00
USDCHF,buy,58.19,49.71,87.36,55.0,70.0,100.0,60.0,100.0,1.0,58.19,17.77,"Buy: consensus favors long, daily uptrend, 4H uptrend, negative 4H momentum, RSI acceptable, sentiment neutral",2026-06-10T11:28:10.454351+00:00
USDCLP,buy,67.71,45.78,88.95,44.99,60.0,100.0,100.0,100.0,14.0,67.71,14.46,"Buy: consensus favors long, daily uptrend, 4H uptrend, positive 4H momentum, ADX trend confirmed, RSI acceptable, sentiment neutral",2026-06-10T11:28:13.111636+00:00
USDCNH,neutral,0.0,0.0,0.0,0.0,0.0,0.0,0.0,0.0,0.0,0.0,0.0,"ERROR: insufficient data for 1D: 1 candles available, 260 required",2026-06-10T11:28:15.298338+00:00
USDDKK,buy,62.27,48.39,86.2,35.5,70.0,100.0,30.0,100.0,8.0,62.27,8.31,"Buy: consensus favors long, daily uptrend, 4H uptrend, negative 4H momentum, RSI acceptable, sentiment neutral",2026-06-10T11:28:15.901842+00:00
USDJPY,buy,56.63,83.57,85.84,56.91,100.0,100.0,0.0,100.0,-13.0,56.63,0.0,"Buy: consensus favors long, daily uptrend, 4H uptrend, positive 4H momentum, ADX too low, RSI acceptable, sentiment neutral",2026-06-10T11:28:18.332641+00:00
USDMXN,neutral,41.33,80.0,86.11,35.0,100.0,100.0,60.0,100.0,12.0,41.33,18.49,"Neutral: no score crossed threshold, daily downtrend, 4H uptrend, negative 4H momentum, RSI acceptable, sentiment neutral",2026-06-10T11:28:20.949989+00:00
USDNOK,neutral,7.37,80.0,88.56,55.0,60.0,100.0,0.0,50.0,-10.0,7.37,6.34,"Neutral: long and short scores too close, daily downtrend, 4H uptrend, negative 4H momentum, ADX too low, RSI acceptable, sentiment neutral",2026-06-10T11:28:23.692414+00:00
USDPLN,buy,67.42,48.15,86.41,35.0,100.0,100.0,60.0,100.0,0.0,67.42,7.55,"Buy: consensus favors long, daily uptrend, 4H uptrend, negative 4H momentum, RSI acceptable, sentiment neutral",2026-06-10T11:28:26.197454+00:00
USDRUB,sell,72.58,84.97,85.43,48.07,70.0,60.0,85.0,50.0,9.0,0.0,72.58,"Sell: consensus favors short, daily downtrend, 4H downtrend, negative 4H momentum, ADX trend confirmed, RSI acceptable, sentiment neutral",2026-06-10T11:28:28.623248+00:00
USDSEK,neutral,48.1,49.39,87.43,63.43,100.0,100.0,0.0,50.0,19.0,48.1,0.0,"Neutral: no score crossed threshold, daily uptrend, 4H uptrend, positive 4H momentum, ADX too low, RSI acceptable, sentiment neutral",2026-06-10T11:28:31.069128+00:00
USDSGD,buy,62.63,47.55,85.97,35.21,100.0,100.0,30.0,50.0,0.0,62.63,7.37,"Buy: consensus favors long, daily uptrend, 4H uptrend, negative 4H momentum, RSI acceptable, sentiment neutral",2026-06-10T11:28:33.513391+00:00
USDTRY,buy,63.0,82.87,85.84,55.65,60.0,100.0,70.0,100.0,-4.0,63.0,0.54,"Buy: consensus favors long, daily uptrend, 4H uptrend, negative 4H momentum, ADX trend confirmed, RSI acceptable, sentiment neutral",2026-06-10T11:28:36.136984+00:00
USDTUSD,sell,72.91,80.0,55.07,55.33,100.0,100.0,70.0,100.0,3.0,6.48,72.91,"Sell: consensus favors short, daily downtrend, 4H downtrend, negative 4H momentum, ADX trend confirmed, RSI acceptable, sentiment neutral",2026-06-10T11:28:38.731310+00:00
USDX,buy,57.11,49.05,86.18,55.5,70.0,100.0,30.0,50.0,-5.0,57.11,13.57,"Buy: consensus favors long, daily uptrend, 4H uptrend, negative 4H momentum, RSI acceptable, sentiment neutral",2026-06-10T11:28:41.328976+00:00
USDZAR,neutral,22.17,80.0,86.9,63.05,100.0,100.0,0.0,100.0,-15.0,22.17,0.0,"Neutral: no score crossed threshold, daily downtrend, 4H uptrend, positive 4H momentum, ADX too low, RSI acceptable, sentiment neutral",2026-06-10T11:28:43.877046+00:00
VERIUSD,neutral,53.77,94.37,61.5,55.0,100.0,100.0,60.0,100.0,20.0,37.73,53.77,"Neutral: no score crossed threshold, daily downtrend, 4H uptrend, RSI acceptable, sentiment positive",2026-06-10T11:28:46.511703+00:00
VETUSD,sell,90.12,100.0,100.0,49.1,100.0,100.0,100.0,100.0,12.0,0.0,90.12,"Sell: consensus favors short, daily downtrend, 4H downtrend, negative 4H momentum, ADX trend confirmed, RSI acceptable, sentiment neutral",2026-06-10T11:28:48.757616+00:00
VF,neutral,0.0,0.0,0.0,0.0,0.0,0.0,0.0,0.0,0.0,0.0,0.0,"ERROR: No fallback market data provider succeeded. yfinance: No yfinance market data returned for VF. Tried: VF: empty response | binance: No Binance market data returned for VF. Tried: no crypto aliases | stooq: No Stooq market data returned for VF. Tried: vf.us: empty response, vf: empty response",2026-06-10T11:28:51.345485+00:00
VINCI,neutral,50.34,51.11,87.93,64.51,100.0,100.0,0.0,100.0,5.0,0.0,50.34,"Neutral: no score crossed threshold, daily downtrend, 4H downtrend, negative 4H momentum, ADX too low, RSI acceptable, sentiment neutral",2026-06-10T11:28:52.474173+00:00
VIX,buy,85.25,65.0,100.0,100.0,100.0,60.0,100.0,100.0,0.0,85.25,1.5,"Buy: consensus favors long, daily uptrend, 4H uptrend, positive 4H momentum, ADX trend confirmed, RSI acceptable, sentiment neutral",2026-06-10T11:28:54.824237+00:00
WAVESUSD,sell,84.64,100.0,100.0,59.92,100.0,60.0,85.0,50.0,15.0,0.0,84.64,"Sell: consensus favors short, daily downtrend, 4H downtrend, negative 4H momentum, ADX trend confirmed, RSI acceptable, sentiment neutral",2026-06-10T11:28:57.314604+00:00
WAX,neutral,0.0,0.0,0.0,0.0,0.0,0.0,0.0,0.0,0.0,0.0,0.0,"ERROR: No fallback market data provider succeeded. yfinance: No yfinance market data returned for WAX. Tried: WAX-USD: empty response, WAX: empty response | binance: No Binance market data returned for WAX. Tried: WAXUSDT: empty response | stooq: No Stooq market data returned for WAX. Tried: wax: empty response",2026-06-10T11:28:59.936026+00:00
WAXUSD,neutral,0.0,0.0,0.0,0.0,0.0,0.0,0.0,0.0,0.0,0.0,0.0,"ERROR: No fallback market data provider succeeded. yfinance: No yfinance market data returned for WAXUSD. Tried: WAX-USD: empty response, WAXUSD: empty response | binance: No Binance market data returned for WAXUSD. Tried: WAXUSDT: empty response | stooq: No Stooq market data returned for WAXUSD. Tried: waxusd: empty response",2026-06-10T11:29:01.636871+00:00
WHEAT,neutral,47.08,80.0,94.37,76.24,100.0,100.0,100.0,100.0,15.0,47.08,29.29,"Neutral: no score crossed threshold, daily uptrend, 4H downtrend, positive 4H momentum, ADX trend confirmed, RSI acceptable, sentiment neutral",2026-06-10T11:29:03.203745+00:00
WIFUSD,sell,93.81,100.0,100.0,87.02,100.0,100.0,100.0,50.0,12.0,0.0,93.81,"Sell: consensus favors short, daily downtrend, 4H downtrend, negative 4H momentum, ADX trend confirmed, RSI acceptable, sentiment neutral",2026-06-10T11:29:05.794818+00:00
WT,neutral,46.64,80.0,93.22,55.17,60.0,100.0,100.0,50.0,-3.0,31.99,46.64,"Neutral: no score crossed threshold, daily uptrend, 4H downtrend, negative 4H momentum, ADX trend confirmed, RSI acceptable, sentiment neutral",2026-06-10T11:29:08.294565+00:00
WTI,neutral,46.23,80.0,93.22,55.08,60.0,100.0,100.0,50.0,17.0,32.39,46.23,"Neutral: no score crossed threshold, daily uptrend, 4H downtrend, negative 4H momentum, ADX trend confirmed, RSI acceptable, sentiment neutral",2026-06-10T11:29:11.119802+00:00
XAGUSD,sell,72.7,65.0,100.0,80.0,70.0,25.0,85.0,50.0,0.0,8.45,72.7,"Sell: consensus favors short, daily downtrend, 4H downtrend, negative 4H momentum, ADX trend confirmed, RSI acceptable, sentiment neutral",2026-06-10T11:29:13.737909+00:00
XAUUSD,sell,76.09,65.0,94.93,94.12,100.0,25.0,85.0,50.0,23.0,1.64,76.09,"Sell: consensus favors short, daily downtrend, 4H downtrend, negative 4H momentum, ADX trend confirmed, RSI acceptable, sentiment positive",2026-06-10T11:29:16.284361+00:00
XLMUSD,sell,59.74,80.0,100.0,100.0,100.0,60.0,0.0,50.0,13.0,0.0,59.74,"Sell: consensus favors short, daily downtrend, 4H downtrend, negative 4H momentum, ADX too low, RSI acceptable, sentiment neutral",2026-06-10T11:29:18.781833+00:00
XMRBTC,neutral,53.23,83.34,56.65,92.88,100.0,100.0,0.0,50.0,15.0,53.23,0.0,"Neutral: no score crossed threshold, daily uptrend, 4H uptrend, positive 4H momentum, ADX too low, RSI acceptable, sentiment neutral",2026-06-10T11:29:21.450112+00:00
XMRETH,buy,84.24,91.26,87.23,87.46,100.0,100.0,30.0,50.0,20.0,84.24,0.0,"Buy: consensus favors long, daily uptrend, 4H uptrend, positive 4H momentum, RSI acceptable, sentiment positive",2026-06-10T11:29:24.093470+00:00
XMRUSD,neutral,51.75,100.0,100.0,53.91,60.0,100.0,0.0,50.0,3.0,0.0,51.75,"Neutral: no score crossed threshold, daily downtrend, 4H downtrend, positive 4H momentum, ADX too low, RSI acceptable, sentiment neutral",2026-06-10T11:29:26.679554+00:00
XRPUSD,sell,92.39,100.0,98.66,79.5,100.0,100.0,100.0,50.0,10.0,0.0,92.39,"Sell: consensus favors short, daily downtrend, 4H downtrend, negative 4H momentum, ADX trend confirmed, RSI acceptable, sentiment neutral",2026-06-10T11:29:29.282481+00:00
XTZUSD,sell,85.22,100.0,100.0,62.62,100.0,60.0,85.0,50.0,6.0,0.0,85.22,"Sell: consensus favors short, daily downtrend, 4H downtrend, negative 4H momentum, ADX trend confirmed, RSI acceptable, sentiment neutral",2026-06-10T11:29:32.088319+00:00
XVGUSD,sell,96.07,100.0,100.0,88.21,100.0,100.0,100.0,100.0,8.0,0.0,96.07,"Sell: consensus favors short, daily downtrend, 4H downtrend, negative 4H momentum, ADX trend confirmed, RSI acceptable, sentiment neutral",2026-06-10T11:29:34.691962+00:00
YFIUSD,sell,88.84,100.0,100.0,40.0,100.0,100.0,100.0,100.0,8.0,0.0,88.84,"Sell: consensus favors short, daily downtrend, 4H downtrend, ADX trend confirmed, RSI acceptable, sentiment neutral",2026-06-10T11:29:37.172935+00:00
YM,neutral,39.36,82.42,55.36,65.92,100.0,100.0,30.0,100.0,3.0,39.36,36.77,"Neutral: long and short scores too close, daily uptrend, 4H downtrend, negative 4H momentum, RSI acceptable, sentiment neutral",2026-06-10T11:29:39.808078+00:00
ZCLUSD,neutral,50.17,80.0,70.0,100.0,70.0,100.0,30.0,50.0,9.0,45.78,50.17,"Neutral: long and short scores too close, daily downtrend, 4H uptrend, positive 4H momentum, RSI acceptable, sentiment neutral",2026-06-10T11:29:42.423935+00:00
ZECBTC,neutral,45.4,80.0,93.84,60.0,100.0,100.0,30.0,50.0,8.0,27.47,45.4,"Neutral: no score crossed threshold, daily uptrend, 4H downtrend, positive 4H momentum, RSI acceptable, sentiment neutral",2026-06-10T11:29:45.120743+00:00
ZECETH,neutral,28.46,80.0,59.03,75.0,100.0,100.0,0.0,100.0,10.0,28.46,17.81,"Neutral: no score crossed threshold, daily uptrend, 4H downtrend, negative 4H momentum, ADX too low, RSI acceptable, sentiment neutral",2026-06-10T11:29:48.131937+00:00
ZECUSD,neutral,24.66,80.0,100.0,60.0,100.0,100.0,0.0,50.0,17.0,4.09,24.66,"Neutral: no score crossed threshold, daily uptrend, 4H downtrend, positive 4H momentum, ADX too low, RSI acceptable, sentiment neutral",2026-06-10T11:29:50.676807+00:00
ZRXUSD,sell,82.87,100.0,100.0,41.04,60.0,100.0,100.0,100.0,8.0,0.0,82.87,"Sell: consensus favors short, daily downtrend, 4H downtrend, positive 4H momentum, ADX trend confirmed, RSI acceptable, sentiment neutral",2026-06-10T11:29:53.259350+00:00
